START TRANSACTION;
CREATE TABLE "contenidos" (
  "id" SERIAL PRIMARY KEY,
  "pestana_id" INTEGER NOT NULL,
  "semana" varchar(50) DEFAULT NULL,
  "mes" varchar(20) DEFAULT NULL,
  "anio" INTEGER DEFAULT 2026,
  "fecha" date DEFAULT NULL,
  "buyer" varchar(50) DEFAULT NULL,
  "pilar" varchar(50) DEFAULT NULL,
  "atributo" varchar(80) DEFAULT NULL,
  "etapa" varchar(10) DEFAULT NULL,
  "aspecto" varchar(50) DEFAULT NULL,
  "carrera" varchar(10) DEFAULT NULL,
  "tema" text DEFAULT NULL,
  "idea" text DEFAULT NULL,
  "red_social" varchar(30) DEFAULT NULL,
  "estado" varchar(30) DEFAULT 'En elaboración',
  "error_ortografico" tinyINTEGER DEFAULT 0,
  "formato" varchar(50) DEFAULT NULL,
  "horario" varchar(50) DEFAULT NULL,
  "enlace_contenido" text DEFAULT NULL,
  "enlace_publicado" text DEFAULT NULL,
  "observaciones" text DEFAULT NULL,
  "enviar_postproduccion" tinyINTEGER DEFAULT 0,
  "espectadores" INTEGER DEFAULT NULL,
  "interacciones" INTEGER DEFAULT NULL,
  "postproductor_id" INTEGER DEFAULT NULL,
  "creado_por" INTEGER NOT NULL,
  "actualizado_por" INTEGER DEFAULT NULL,
  "created_at" timestamp NULL DEFAULT CURRENT_TIMESTAMP,
  "updated_at" timestamp NULL DEFAULT CURRENT_TIMESTAMP,
  "enlace_diseno" text DEFAULT NULL,
  "deleted_at" TIMESTAMP DEFAULT NULL,
  "error_ortografico_detalle" text DEFAULT NULL
);
CREATE TABLE "contenido_detalle" (
  "id" SERIAL PRIMARY KEY,
  "contenido_id" INTEGER NOT NULL,
  "titulo_post" varchar(500) DEFAULT NULL,
  "copy_facebook" text DEFAULT NULL,
  "copy_instagram" text DEFAULT NULL,
  "copy_tiktok" text DEFAULT NULL,
  "created_at" timestamp NULL DEFAULT CURRENT_TIMESTAMP,
  "updated_at" timestamp NULL DEFAULT CURRENT_TIMESTAMP
);
CREATE TABLE "contenido_hashtags" (
  "contenido_id" INTEGER NOT NULL,
  "hashtag_id" INTEGER NOT NULL
);
CREATE TABLE "contenido_imagenes" (
  "id" SERIAL PRIMARY KEY,
  "contenido_id" INTEGER DEFAULT NULL,
  "filename" varchar(255) NOT NULL,
  "subido_por" INTEGER NOT NULL,
  "created_at" timestamp NULL DEFAULT CURRENT_TIMESTAMP,
  "tipo" varchar(50) DEFAULT NULL
);
CREATE TABLE "contenido_slides" (
  "id" SERIAL PRIMARY KEY,
  "contenido_id" INTEGER NOT NULL,
  "numero_slide" INTEGER NOT NULL,
  "texto" text DEFAULT NULL,
  "notas" text DEFAULT NULL,
  "created_at" timestamp NULL DEFAULT CURRENT_TIMESTAMP
);
CREATE TABLE "dropdown_opciones" (
  "id" SERIAL PRIMARY KEY,
  "campo" varchar(50) NOT NULL,
  "valor" varchar(100) NOT NULL,
  "color" varchar(7) DEFAULT '#6366f1',
  "orden" INTEGER DEFAULT 0,
  "activo" tinyINTEGER DEFAULT 1
);
INSERT INTO "dropdown_opciones" ("id", "campo", "valor", "color", "orden", "activo") VALUES
(1, 'buyer', 'DEPENDIENTE', '#ef4444', 0, 1),
(2, 'buyer', 'INDEPENDIENTE EMPRENDEDOR', '#f59e0b', 1, 1),
(3, 'buyer', 'JOVEN', '#10b981', 2, 1),
(4, 'buyer', 'RENOVADORES', '#3b82f6', 3, 1),
(5, 'pilar', 'INNOVACIÓN', '#8b5cf6', 0, 1),
(6, 'pilar', 'FLEXIBILIDAD', '#ec4899', 1, 1),
(7, 'pilar', 'ADAPTABILIDAD', '#f59e0b', 2, 1),
(8, 'atributo', 'TITULACIÓN', '#06b6d4', 0, 1),
(9, 'atributo', 'MODELO EDUCATIVO', '#10b981', 1, 1),
(10, 'atributo', 'PLATAFORMA AMIGABLE', '#f59e0b', 2, 1),
(11, 'atributo', 'MENTORING ACADÉMICO', '#ec4899', 3, 1),
(12, 'red_social', 'FACEBOOK', '#1877f2', 0, 1),
(13, 'red_social', 'INSTAGRAM', '#e4405f', 1, 1),
(14, 'red_social', 'TIK TOK', '#000000', 2, 1),
(15, 'red_social', 'FB-TT', '#6366f1', 3, 1),
(16, 'red_social', 'FB-IG-TT', '#8b5cf6', 4, 1),
(17, 'red_social', 'FB-IG', '#a855f7', 5, 1),
(18, 'red_social', 'TODAS', '#6b7280', 6, 1),
(19, 'red_social', 'LINKEDIN', '#0077b5', 7, 1),
(20, 'estado', 'En elaboración', '#6b7280', 0, 1),
(21, 'estado', 'Redacción', '#f59e0b', 1, 1),
(22, 'estado', 'En revisión', '#3b82f6', 2, 1),
(23, 'estado', 'Producción', '#8b5cf6', 3, 1),
(24, 'estado', 'Corrección', '#ef4444', 4, 1),
(25, 'estado', 'Aprobado', '#10b981', 5, 1),
(26, 'estado', 'Programado', '#06b6d4', 6, 1),
(27, 'estado', 'Publicado', '#22c55e', 7, 1),
(28, 'formato', 'Video', '#ef4444', 0, 1),
(29, 'formato', 'Historia', '#f59e0b', 1, 1),
(30, 'formato', 'Arte simple', '#10b981', 2, 1),
(31, 'formato', 'Reel', '#3b82f6', 3, 1),
(32, 'formato', 'Carrusel', '#8b5cf6', 4, 1),
(33, 'formato', 'Arte compuesto', '#ec4899', 5, 1),
(34, 'formato', 'Reel (clip)', '#6366f1', 6, 1),
(35, 'formato', 'Publicación e historia', '#06b6d4', 7, 1),
(36, 'etapa', 'V1', '#3b82f6', 0, 1),
(37, 'etapa', 'V2', '#8b5cf6', 1, 1),
(38, 'etapa', 'V3', '#ec4899', 2, 1),
(39, 'aspecto', 'MENCIONES', '#ef4444', 0, 1),
(40, 'aspecto', 'COMPETENCIAS', '#10b981', 1, 1),
(41, 'aspecto', 'MATERIAS', '#3b82f6', 2, 1),
(42, 'aspecto', 'QUÉ CARRERA ELEGIR', '#f59e0b', 3, 1),
(43, 'carrera', 'ADM', '#ef4444', 0, 1),
(44, 'carrera', 'CPU', '#3b82f6', 1, 1),
(45, 'carrera', 'DER', '#10b981', 2, 1),
(46, 'carrera', 'ICO', '#f59e0b', 3, 1),
(47, 'carrera', 'PYM', '#8b5cf6', 4, 1);
CREATE TABLE "hashtags" (
  "id" SERIAL PRIMARY KEY,
  "tag" varchar(100) NOT NULL,
  "red_social" varchar(30) NOT NULL DEFAULT 'TODAS',
  "veces_usado" INTEGER DEFAULT 0,
  "created_at" timestamp NULL DEFAULT CURRENT_TIMESTAMP
);
CREATE TABLE "historial_estado" (
  "id" SERIAL PRIMARY KEY,
  "contenido_id" INTEGER NOT NULL,
  "estado_anterior" varchar(30) DEFAULT NULL,
  "estado_nuevo" varchar(30) NOT NULL,
  "usuario_id" INTEGER NOT NULL,
  "comentario" text DEFAULT NULL,
  "created_at" timestamp NULL DEFAULT CURRENT_TIMESTAMP
);
CREATE TABLE "metricas" (
  "id" SERIAL PRIMARY KEY,
  "contenido_id" INTEGER NOT NULL,
  "espectadores" INTEGER DEFAULT 0,
  "likes" INTEGER DEFAULT 0,
  "comentarios" INTEGER DEFAULT 0,
  "compartidos" INTEGER DEFAULT 0,
  "guardados" INTEGER DEFAULT 0,
  "alcance" INTEGER DEFAULT 0,
  "clics" INTEGER DEFAULT 0,
  "registrado_por" INTEGER NOT NULL,
  "fecha_registro" date DEFAULT NULL,
  "created_at" timestamp NULL DEFAULT CURRENT_TIMESTAMP,
  "updated_at" timestamp NULL DEFAULT CURRENT_TIMESTAMP
);
CREATE TABLE "notificaciones" (
  "id" SERIAL PRIMARY KEY,
  "usuario_id" INTEGER NOT NULL,
  "tipo" varchar(50) NOT NULL,
  "mensaje" text NOT NULL,
  "contenido_id" INTEGER DEFAULT NULL,
  "leida" tinyINTEGER DEFAULT 0,
  "created_at" timestamp NULL DEFAULT CURRENT_TIMESTAMP
);
CREATE TABLE "pestanas" (
  "id" SERIAL PRIMARY KEY,
  "nombre" varchar(50) NOT NULL,
  "slug" varchar(50) NOT NULL,
  "color" varchar(7) DEFAULT '#6366f1',
  "orden" INTEGER DEFAULT 0,
  "activa" tinyINTEGER DEFAULT 1,
  "enlace_carpeta_base" varchar(500) DEFAULT NULL
);
INSERT INTO "pestanas" ("id", "nombre", "slug", "color", "orden", "activa", "enlace_carpeta_base") VALUES
(1, 'PAUTA', 'pauta', '#ef4444', 1, 1, NULL),
(2, 'PILARES', 'pilares', '#8b5cf6', 2, 1, 'https://drive.google.com/drive/folders/1jq5sXXInqvNsePzttiT80m8rb2Z8Ue1s'),
(3, 'CAMPAÑA', 'campana', '#3b82f6', 3, 1, NULL),
(4, 'OTROS', 'otros', '#10b981', 4, 1, NULL),
(5, 'CARRERAS', 'carreras', '#f59e0b', 5, 1, NULL),
(6, 'SALUTACIONES', 'salutaciones', '#ec4899', 6, 1, NULL),
(7, 'INSCRIPCIONES', 'inscripciones', '#06b6d4', 7, 1, NULL),
(8, 'Online Educación Continua', 'archivados', '#6b7280', 8, 1, 'https://drive.google.com/drive/folders/1ObCN5YDcib7X0AE1_6Nd407lMQb2yoTk?usp=sharing');
CREATE TABLE "pestana_campos" (
  "id" SERIAL PRIMARY KEY,
  "pestana_id" INTEGER NOT NULL,
  "nombre_campo" varchar(100) NOT NULL,
  "nombre_display" varchar(100) NOT NULL,
  "tipo_campo" enum('texto','textarea','dropdown','fecha','numero','url') NOT NULL DEFAULT 'texto',
  "dropdown_grupo" varchar(50) DEFAULT NULL,
  "orden" INTEGER DEFAULT 0,
  "visible" tinyINTEGER DEFAULT 1,
  "obligatorio" tinyINTEGER DEFAULT 0,
  "ancho" varchar(10) DEFAULT '150px'
);
INSERT INTO "pestana_campos" ("id", "pestana_id", "nombre_campo", "nombre_display", "tipo_campo", "dropdown_grupo", "orden", "visible", "obligatorio", "ancho") VALUES
(1, 1, 'fecha', 'FECHA', 'fecha', NULL, 1, 1, 0, '120px'),
(2, 1, 'buyer', 'BUYER', 'dropdown', 'buyer', 2, 1, 0, '140px'),
(3, 1, 'pilar', 'PILAR', 'dropdown', 'pilar', 3, 1, 0, '130px'),
(4, 1, 'atributo', 'ATRIBUTO', 'dropdown', 'atributo', 4, 1, 0, '160px'),
(5, 1, 'tema', 'TEMA', 'textarea', NULL, 5, 1, 0, '250px'),
(6, 1, 'red_social', 'RED SOCIAL', 'dropdown', 'red_social', 6, 1, 0, '130px'),
(7, 1, 'estado', 'ESTADO', 'dropdown', 'estado', 7, 1, 0, '130px'),
(8, 1, 'espectadores', 'ESPECTADORES', 'numero', NULL, 8, 1, 0, '110px'),
(9, 1, 'interacciones', 'INTERACCIONES', 'numero', NULL, 9, 1, 0, '110px'),
(10, 1, 'formato', 'FORMATO', 'dropdown', 'formato', 10, 1, 0, '140px'),
(11, 1, 'enlace_publicado', 'ENLACE PUBLICADO', 'url', NULL, 11, 1, 0, '180px'),
(12, 1, 'observaciones', 'OBSERVACIONES', 'textarea', NULL, 12, 0, 0, '200px'),
(13, 2, 'fecha', 'FECHA', 'fecha', NULL, 1, 1, 0, '120px'),
(14, 2, 'buyer', 'BUYER', 'dropdown', 'buyer', 2, 1, 0, '140px'),
(15, 2, 'pilar', 'PILAR', 'dropdown', 'pilar', 3, 1, 0, '130px'),
(16, 2, 'atributo', 'ATRIBUTO', 'dropdown', 'atributo', 4, 1, 0, '160px'),
(17, 2, 'tema', 'TEMA', 'textarea', NULL, 5, 1, 0, '250px'),
(18, 2, 'red_social', 'RED SOCIAL', 'dropdown', 'red_social', 6, 1, 0, '130px'),
(19, 2, 'estado', 'ESTADO', 'dropdown', 'estado', 7, 1, 0, '130px'),
(20, 2, 'formato', 'FORMATO', 'dropdown', 'formato', 8, 1, 0, '140px'),
(21, 2, 'horario', 'HORARIO', 'texto', NULL, 9, 1, 0, '100px'),
(22, 2, 'enlace_publicado', 'ENLACE PUBLICADO', 'url', NULL, 10, 1, 0, '180px'),
(23, 3, 'fecha', 'FECHA', 'fecha', NULL, 1, 1, 0, '120px'),
(24, 3, 'etapa', 'ETAPA', 'dropdown', 'etapa', 2, 1, 0, '100px'),
(25, 3, 'tema', 'TEMA', 'textarea', NULL, 3, 1, 0, '250px'),
(26, 3, 'red_social', 'RED SOCIAL', 'dropdown', 'red_social', 4, 1, 0, '130px'),
(27, 3, 'estado', 'ESTADO', 'dropdown', 'estado', 5, 1, 0, '130px'),
(28, 3, 'formato', 'FORMATO', 'dropdown', 'formato', 6, 1, 0, '140px'),
(29, 3, 'horario', 'HORARIO', 'texto', NULL, 7, 1, 0, '100px'),
(30, 3, 'enlace_publicado', 'ENLACE PUBLICADO', 'url', NULL, 8, 1, 0, '180px'),
(31, 4, 'fecha', 'FECHA', 'fecha', NULL, 1, 1, 0, '120px'),
(32, 4, 'etapa', 'ETAPA', 'dropdown', 'etapa', 2, 1, 0, '100px'),
(33, 4, 'tema', 'TEMA', 'textarea', NULL, 3, 1, 0, '250px'),
(34, 4, 'red_social', 'RED SOCIAL', 'dropdown', 'red_social', 4, 1, 0, '130px'),
(35, 4, 'estado', 'ESTADO', 'dropdown', 'estado', 5, 1, 0, '130px'),
(36, 4, 'enlace_contenido', 'ENLACE CONTENIDO', 'url', NULL, 6, 1, 0, '180px'),
(37, 4, 'formato', 'FORMATO', 'dropdown', 'formato', 7, 1, 0, '140px'),
(38, 4, 'enlace_publicado', 'ENLACE PUBLICADO', 'url', NULL, 8, 1, 0, '180px'),
(39, 5, 'fecha', 'FECHA', 'fecha', NULL, 1, 1, 0, '120px'),
(40, 5, 'buyer', 'BUYER', 'dropdown', 'buyer', 2, 1, 0, '140px'),
(41, 5, 'aspecto', 'ASPECTO', 'dropdown', 'aspecto', 3, 1, 0, '150px'),
(42, 5, 'carrera', 'CARRERA', 'dropdown', 'carrera', 4, 1, 0, '100px'),
(43, 5, 'tema', 'TEMA', 'textarea', NULL, 5, 1, 0, '250px'),
(44, 5, 'red_social', 'RED SOCIAL', 'dropdown', 'red_social', 6, 1, 0, '130px'),
(45, 5, 'estado', 'ESTADO', 'dropdown', 'estado', 7, 1, 0, '130px'),
(46, 5, 'enlace_contenido', 'ENLACE CONTENIDO', 'url', NULL, 8, 1, 0, '180px'),
(47, 5, 'formato', 'FORMATO', 'dropdown', 'formato', 9, 1, 0, '140px'),
(48, 5, 'enlace_publicado', 'ENLACE PUBLICADO', 'url', NULL, 10, 1, 0, '180px'),
(49, 6, 'fecha', 'FECHA', 'fecha', NULL, 1, 1, 0, '120px'),
(50, 6, 'tema', 'TEMA', 'textarea', NULL, 2, 1, 0, '200px'),
(51, 6, 'idea', 'IDEA', 'textarea', NULL, 3, 1, 0, '250px'),
(52, 6, 'red_social', 'RED', 'dropdown', 'red_social', 4, 1, 0, '130px'),
(53, 6, 'enlace_contenido', 'ENLACE CONTENIDO', 'url', NULL, 5, 1, 0, '180px'),
(54, 6, 'enlace_publicado', 'ENLACE PUBLICADO', 'url', NULL, 6, 1, 0, '180px'),
(55, 7, 'fecha', 'FECHA', 'fecha', NULL, 1, 1, 0, '120px'),
(56, 7, 'tema', 'TEMA', 'textarea', NULL, 2, 1, 0, '250px'),
(57, 7, 'red_social', 'RED SOCIAL', 'dropdown', 'red_social', 3, 1, 0, '130px'),
(58, 7, 'estado', 'ESTADO', 'dropdown', 'estado', 4, 1, 0, '130px'),
(59, 7, 'enlace_contenido', 'ENLACE CONTENIDO', 'url', NULL, 5, 1, 0, '180px'),
(60, 7, 'formato', 'FORMATO', 'dropdown', 'formato', 6, 1, 0, '140px'),
(61, 7, 'enlace_publicado', 'ENLACE PUBLICADO', 'url', NULL, 7, 1, 0, '180px'),
(62, 8, 'fecha', 'FECHA', 'fecha', NULL, 1, 1, 0, '120px'),
(63, 8, 'buyer', 'BUYER', 'dropdown', 'buyer', 2, 1, 0, '140px'),
(64, 8, 'pilar', 'PILAR', 'dropdown', 'pilar', 3, 1, 0, '130px'),
(65, 8, 'atributo', 'ATRIBUTO', 'dropdown', 'atributo', 4, 1, 0, '160px'),
(66, 8, 'tema', 'TEMA', 'textarea', NULL, 5, 1, 0, '250px'),
(67, 8, 'red_social', 'RED SOCIAL', 'dropdown', 'red_social', 6, 1, 0, '130px'),
(68, 8, 'estado', 'ESTADO', 'dropdown', 'estado', 7, 1, 0, '130px'),
(69, 8, 'enlace_contenido', 'ENLACE CONTENIDO', 'url', NULL, 8, 1, 0, '180px'),
(70, 8, 'formato', 'FORMATO', 'dropdown', 'formato', 9, 1, 0, '140px'),
(71, 8, 'enlace_publicado', 'ENLACE PUBLICADO', 'url', NULL, 10, 1, 0, '180px'),
(72, 8, 'enlace_diseno', 'DISEÑO FINAL (DRIVE)', 'url', NULL, 99, 1, 0, '180px'),
(73, 3, 'enlace_diseno', 'DISEÑO FINAL (DRIVE)', 'url', NULL, 99, 1, 0, '180px'),
(74, 5, 'enlace_diseno', 'DISEÑO FINAL (DRIVE)', 'url', NULL, 99, 1, 0, '180px'),
(75, 7, 'enlace_diseno', 'DISEÑO FINAL (DRIVE)', 'url', NULL, 99, 1, 0, '180px'),
(76, 4, 'enlace_diseno', 'DISEÑO FINAL (DRIVE)', 'url', NULL, 99, 1, 0, '180px'),
(77, 1, 'enlace_diseno', 'DISEÑO FINAL (DRIVE)', 'url', NULL, 99, 1, 0, '180px'),
(78, 2, 'enlace_diseno', 'DISEÑO FINAL (DRIVE)', 'url', NULL, 99, 1, 0, '180px'),
(79, 6, 'enlace_diseno', 'DISEÑO FINAL (DRIVE)', 'url', NULL, 99, 1, 0, '180px');
CREATE TABLE "usuarios" (
  "id" SERIAL PRIMARY KEY,
  "nombre" varchar(100) NOT NULL,
  "email" varchar(150) NOT NULL,
  "password" varchar(255) NOT NULL,
  "rol" enum('admin','community','postproductor') NOT NULL DEFAULT 'community',
  "avatar" varchar(255) DEFAULT NULL,
  "activo" tinyINTEGER DEFAULT 1,
  "created_at" timestamp NULL DEFAULT CURRENT_TIMESTAMP,
  "updated_at" timestamp NULL DEFAULT CURRENT_TIMESTAMP
);
COMMIT;

CREATE EXTENSION IF NOT EXISTS pgcrypto;

INSERT INTO usuarios (nombre, email, password, rol, activo) VALUES 
('Edson Llanque', 'edson.llanque.consultor@unifranz.edu.bo', crypt('Poteto2023*', gen_salt('bf')), 'admin', 1);
